,County,Ethnicity,Gender,GPA,Campus,AvgScrRead,AvgScrMath,AvgScrWrit,ProbabilityOfAcceptance,ACT
0,Alameda,African American,All,3.976363636,Santa Cruz,482.260273973,493.726027397,478.726027397,0.108740668594,0.0
1,Alameda,African American,All,3.916461538,Santa Cruz,482.260273973,493.726027397,478.726027397,0.108740668594,0.0
2,Alameda,African American,All,3.872727273,Santa Cruz,482.260273973,493.726027397,478.726027397,0.108740668594,0.0
3,Alameda,African American,All,3.872923077,Santa Cruz,482.260273973,493.726027397,478.726027397,0.108740668594,0.0
4,Alameda,African American,All,3.840588235,Santa Cruz,482.260273973,493.726027397,478.726027397,0.108740668594,0.0
